Microsoft Windows [Version 10.0.18363.628]                                                                              (c) Корпорация Майкрософт (Microsoft Corporation), 2019. Все права защищены.                                                                                                                                                                    C:\Users\Mist>cd C:\Program Files\MySQL\MySQL Server 8.0\bin                                                                                                                                                                                    C:\Program Files\MySQL\MySQL Server 8.0\bin>mysql -u root -p                                                            Enter password: *********                                                                                               Welcome to the MySQL monitor.  Commands end with ; or \g.                                                               Your MySQL connection id is 33                                                                                          Server version: 8.0.28 MySQL Community Server - GPL                                                                                                                                                                                             Copyright (c) 2000, 2022, Oracle and/or its affiliates.                                                                                                                                                                                         Oracle is a registered trademark of Oracle Corporation and/or its                                                       affiliates. Other names may be trademarks of their respective                                                           owners.                                                                                                                                                                                                                                         Type 'help;' or '\h' for help. Type '\c' to clear the current input statement.                                                                                                                                                                  mysql> show databases;                                                                                                  +--------------------+                                                                                                  | Database           |                                                                                                  +--------------------+                                                                                                  | information_schema |                                                                                                  | lesson_1           |                                                                                                  | mysql              |                                                                                                  | performance_schema |                                                                                                  | sakila             |                                                                                                  | sys                |                                                                                                  | tbl_test           |                                                                                                  | world              |                                                                                                  +--------------------+                                                                                                  8 rows in set (0.00 sec)                                                                                                                                                                                                                        mysql> use test;                                                                                                        ERROR 1049 (42000): Unknown database 'test'                                                                             mysql> use tbl_test;                                                                                                    Database changed                                                                                                        mysql> select * from                                                                                                        -> tbl_test                                                                                                             ->                                                                                                                      -> ^C                                                                                                               mysql> select * from tbl_test;                                                                                          ERROR 1146 (42S02): Table 'tbl_test.tbl_test' doesn't exist                                                             mysql> select * from tbl_test;                                                                                          ERROR 1146 (42S02): Table 'tbl_test.tbl_test' doesn't exist                                                             mysql> select * from tbl_test;                                                                                          ERROR 1146 (42S02): Table 'tbl_test.tbl_test' doesn't exist                                                             mysql> select * from lesson_1                                                                                               -> ^C                                                                                                               mysql> select * from lesson_1;                                                                                          ERROR 1146 (42S02): Table 'tbl_test.lesson_1' doesn't exist                                                             mysql> exit test;                                                                                                       ERROR 1064 (42000): You have an error in your SQL syntax; check the manual that corresponds to your MySQL server version for the right syntax to use near 'exit test' at line 1                                                                 mysql> ^C                                                                                                               mysql>                                                                                                                  mysql> use tbl_test;                                                                                                    Database changed                                                                                                        mysql> select * from tbl_test;                                                                                          ERROR 1146 (42S02): Table 'tbl_test.tbl_test' doesn't exist                                                             mysql> exit                                                                                                             Bye                                                                                                                                                                                                                                             C:\Program Files\MySQL\MySQL Server 8.0\bin>show databases;                                                             "show" не является внутренней или внешней                                                                               командой, исполняемой программой или пакетным файлом.                                                                                                                                                                                           C:\Program Files\MySQL\MySQL Server 8.0\bin>mysql u -p                                                                  Enter password: *********                                                                                               ERROR 1045 (28000): Access denied for user 'ODBC'@'localhost' (using password: YES)                                                                                                                                                             C:\Program Files\MySQL\MySQL Server 8.0\bin>mysql -u root -p                                                            Enter password: *********                                                                                               Welcome to the MySQL monitor.  Commands end with ; or \g.                                                               Your MySQL connection id is 35                                                                                          Server version: 8.0.28 MySQL Community Server - GPL                                                                                                                                                                                             Copyright (c) 2000, 2022, Oracle and/or its affiliates.                                                                                                                                                                                         Oracle is a registered trademark of Oracle Corporation and/or its                                                       affiliates. Other names may be trademarks of their respective                                                           owners.                                                                                                                                                                                                                                         Type 'help;' or '\h' for help. Type '\c' to clear the current input statement.                                                                                                                                                                  mysql> show databases;                                                                                                  +--------------------+                                                                                                  | Database           |                                                                                                  +--------------------+                                                                                                  | information_schema |                                                                                                  | lesson_1           |                                                                                                  | mysql              |                                                                                                  | performance_schema |                                                                                                  | sakila             |                                                                                                  | sys                |                                                                                                  | tbl_test           |                                                                                                  | world              |                                                                                                  +--------------------+                                                                                                  8 rows in set (0.00 sec)                                                                                                                                                                                                                        mysql> use lesson_1;                                                                                                    Database changed                                                                                                        mysql> SELECT * FROM lesson_1;                                                                                          ERROR 1146 (42S02): Table 'lesson_1.lesson_1' doesn't exist                                                             mysql> SELECT * FROM                                                                                                        -> SELECT * FROM tbl_lesson;                                                                                        ERROR 1064 (42000): You have an error in your SQL syntax; check the manual that corresponds to your MySQL server version for the right syntax to use near 'SELECT * FROM tbl_lesson' at line 2                                                  mysql> SELECT * FROM tbl_lesson;                                                                                        +------+--------+                                                                                                       | id   | name   |                                                                                                       +------+--------+                                                                                                       |    1 | test   |                                                                                                       |    2 | test_2 |                                                                                                       |    2 | test_2 |                                                                                                       |    2 | test_2 |                                                                                                       |    2 | test_2 |                                                                                                       |    2 | test_2 |                                                                                                       +------+--------+                                                                                                       6 rows in set (0.00 sec)                                                                                                                                                                                                                        mysql> SELECT * FROM tbl_test;                                                                                          +------+-------+                                                                                                        | id   | title |                                                                                                        +------+-------+                                                                                                        |    1 | title |                                                                                                        +------+-------+                                                                                                        1 row in set (0.00 sec)                                                                                                                                                                                                                         mysql>  